,0,1,2
0,0.35039499999999996,0.095046,0
1,0.47346800000000006,0.5836939999999999,1
2,0.115968,0.078085,0
3,0.447701,0.31345100000000004,1
4,0.19215,0.47136000000000006,0
5,0.357969,0.587134,1
6,0.360822,0.33647699999999997,0
7,0.45733500000000005,0.621747,1
8,0.011081,0.23311300000000001,0
9,0.614379,0.464292,1
10,0.11939300000000001,0.63437,0
11,0.6449550000000001,0.363297,1
12,0.6011850000000001,0.11760699999999999,0
13,0.550439,0.63405,1
14,0.940407,0.41555699999999995,0
15,0.40881,0.671201,1
16,0.921315,0.542025,0
17,0.625154,0.366551,1
18,0.320382,0.657881,0
19,0.614114,0.41787399999999997,1
20,0.789684,0.21588600000000002,0
21,0.46128500000000006,0.620958,1
22,0.8621489999999999,0.14377,0
23,0.43802399999999997,0.46497200000000005,1
24,0.710129,0.142832,0
25,0.530981,0.402411,1
26,0.046425,0.270999,0
27,0.571154,0.387757,1
28,0.34016399999999997,0.13981300000000002,0
29,0.510077,0.6686340000000001,1
30,0.062254,0.30395700000000003,0
31,0.539475,0.35007,1
32,0.8345889999999999,0.945255,0
33,0.6622680000000001,0.5426479999999999,1
34,0.44402700000000006,0.7574350000000001,0
35,0.38390799999999997,0.540292,1
36,0.659553,0.10752300000000001,0
37,0.387898,0.399009,1
38,0.125379,0.241267,0
39,0.601337,0.47306499999999996,1
40,0.7499779999999999,0.8844049999999999,0
41,0.48468999999999995,0.384339,1
42,0.704789,0.39308200000000004,0
43,0.5091060000000001,0.342868,1
44,0.20707899999999999,0.371579,0
45,0.5097430000000001,0.653311,1
46,0.232444,0.681034,0
47,0.357081,0.463541,1
48,0.5818479999999999,0.123304,0
49,0.445838,0.594735,1
50,0.037413,0.794502,0
51,0.377712,0.408427,1
52,0.820034,0.318044,0
53,0.44338599999999995,0.582186,1
54,0.752423,0.967694,0
55,0.6450140000000001,0.558567,1
56,0.357867,0.67285,0
57,0.5373359999999999,0.40431100000000003,1
58,0.882843,0.934033,0
59,0.420217,0.379975,1
60,0.356178,0.289505,0
61,0.58189,0.432458,1
62,0.554905,0.287817,0
63,0.438651,0.613374,1
64,0.208042,0.5652050000000001,0
65,0.463008,0.376743,1
66,0.093426,0.213934,0
67,0.538355,0.32977199999999995,1
68,0.9344610000000001,0.490361,0
69,0.49744799999999995,0.41003900000000004,1
70,0.5715979999999999,0.851651,0
71,0.5764050000000001,0.637722,1
72,0.221804,0.858593,0
73,0.44695100000000004,0.511025,1
74,0.726068,0.018172,0
75,0.465739,0.677557,1
76,0.9924559999999999,0.21349899999999997,0
77,0.410347,0.5072409999999999,1
78,0.765402,0.104673,0
79,0.392374,0.424083,1
80,0.647964,0.324234,0
81,0.46161599999999997,0.583738,1
82,0.961724,0.6869649999999999,0
83,0.626891,0.36537600000000003,1
84,0.951887,0.36794499999999997,0
85,0.52699,0.514025,1
86,0.808986,0.626687,0
87,0.558363,0.608269,1
88,0.701708,0.610958,0
89,0.449432,0.597592,1
90,0.068325,0.33605100000000004,0
91,0.302939,0.503536,1
92,0.093071,0.239777,0
93,0.6741199999999999,0.52984,1
94,0.8452059999999999,0.378891,0
95,0.30796100000000004,0.507592,1
96,0.486599,0.264187,0
97,0.378498,0.41338100000000005,1
98,0.9695879999999999,0.860778,0
99,0.341592,0.536517,1
100,0.8393959999999999,0.722214,0
101,0.401573,0.64179,1
102,0.162826,0.6089720000000001,0
103,0.343616,0.549269,1
104,0.679249,0.137562,0
105,0.45909099999999997,0.550363,1
106,0.622416,0.94145,0
107,0.6768029999999999,0.42406800000000006,1
108,0.042578,0.613246,0
109,0.628463,0.381736,1
110,0.350375,0.755984,0
111,0.62883,0.547945,1
112,0.016303,0.003058,0
113,0.46016899999999994,0.667888,1
114,0.736021,0.31317,0
115,0.477837,0.402933,1
116,0.9862270000000001,0.520181,0
117,0.571396,0.455967,1
118,0.326612,0.368112,0
119,0.6409199999999999,0.548096,1
120,0.36701,0.34124699999999997,0
121,0.435648,0.527708,1
122,0.71082,0.744916,0
123,0.475708,0.622012,1
124,0.15671500000000002,0.907199,0
125,0.41842299999999993,0.636849,1
126,0.53472,0.034448,0
127,0.581917,0.484944,1
128,0.895265,0.725482,0
129,0.371219,0.470866,1
130,0.349875,0.346988,0
131,0.353583,0.47657,1
132,0.016429,0.114096,0
133,0.545668,0.446279,1
134,0.270706,0.751186,0
135,0.372703,0.615937,1
136,0.881767,0.8569129999999999,0
137,0.532926,0.689912,1
138,0.125962,0.040907,0
139,0.507584,0.359685,1
140,0.801678,0.8064100000000001,0
141,0.43396599999999996,0.6627,1
142,0.749215,0.057620000000000005,0
143,0.46488500000000005,0.320255,1
144,0.046163,0.862875,0
145,0.433637,0.331088,1
146,0.23986,0.321013,0
147,0.404302,0.512096,1
148,0.7620640000000001,0.013961000000000001,0
149,0.554218,0.537532,1
150,0.5212829999999999,0.203632,0
151,0.47562200000000004,0.385573,1
152,0.517625,0.726304,0
153,0.543619,0.40570900000000004,1
154,0.608263,0.06811299999999999,0
155,0.608243,0.540112,1
156,0.9034190000000001,0.769771,0
157,0.5139859999999999,0.35468099999999997,1
158,0.5528810000000001,0.277375,0
159,0.636257,0.5687949999999999,1
160,0.104453,0.537428,0
161,0.520124,0.32906199999999997,1
162,0.108825,0.028921,0
163,0.45290699999999995,0.61405,1
164,0.680059,0.746365,0
165,0.365696,0.445834,1
166,0.61397,0.0019079999999999998,0
167,0.475102,0.446267,1
168,0.785565,0.986775,0
169,0.6721659999999999,0.48928699999999997,1
170,0.35670999999999997,0.231546,0
171,0.539673,0.483534,1
172,0.639085,0.093224,0
173,0.628738,0.60033,1
174,0.126894,0.711583,0
175,0.531942,0.5564,1
176,0.291628,0.383743,0
177,0.52481,0.686176,1
178,0.14088299999999998,0.816655,0
179,0.508085,0.37695100000000004,1
180,0.292624,0.127673,0
181,0.6177699999999999,0.652751,1
182,0.6993729999999999,0.363556,0
183,0.410969,0.5481689999999999,1
184,0.43951,0.84073,0
185,0.357329,0.625604,1
186,0.071185,0.399162,0
187,0.5859949999999999,0.611591,1
188,0.275636,0.611759,0
189,0.634143,0.637051,1
190,0.025188,0.33006599999999997,0
191,0.470051,0.353249,1
192,0.373369,0.21148499999999998,0
193,0.474138,0.631614,1
194,0.601104,0.754097,0
195,0.345059,0.41035699999999997,1
196,0.914423,0.7074550000000001,0
197,0.381033,0.6259859999999999,1
198,0.11034200000000001,0.5222,0
199,0.546622,0.473775,1
200,0.60004,0.875281,0
201,0.639467,0.517158,1
202,0.148593,0.395926,0
203,0.42808100000000004,0.553221,1
204,0.6989479999999999,0.216766,0
205,0.626337,0.639231,1
206,0.621061,0.17591099999999998,0
207,0.514165,0.563535,1
208,0.072586,0.95388,0
209,0.6463949999999999,0.5594319999999999,1
210,0.690331,0.388276,0
211,0.6036159999999999,0.37572300000000003,1
212,0.687822,0.23015300000000002,0
213,0.37240700000000004,0.451665,1
214,0.5711430000000001,0.206031,0
215,0.6072350000000001,0.39081,1
216,0.614677,0.8805290000000001,0
217,0.31738299999999997,0.462703,1
218,0.389835,0.962828,0
219,0.400336,0.638753,1
220,0.541501,0.012055,0
221,0.543293,0.531808,1
222,0.9980319999999999,0.9156209999999999,0
223,0.633733,0.557562,1
224,0.131921,0.188356,0
225,0.582989,0.49282200000000004,1
226,0.897841,0.020793,0
227,0.483904,0.380734,1
228,0.248023,0.516241,0
229,0.48218199999999994,0.637609,1
230,0.491515,0.893288,0
231,0.49528900000000003,0.521291,1
232,0.07670700000000001,0.21011799999999997,0
233,0.48405200000000004,0.45742299999999997,1
234,0.527583,0.088421,0
235,0.6945399999999999,0.5331130000000001,1
236,0.804867,0.394554,0
237,0.41025200000000006,0.5038779999999999,1
238,0.45106199999999996,0.9936200000000001,0
239,0.607527,0.505009,1
240,0.9783799999999999,0.6242810000000001,0
241,0.41943800000000003,0.5028229999999999,1
242,0.105288,0.578443,0
243,0.403102,0.333084,1
244,0.094202,0.248338,0
245,0.624215,0.576585,1
246,0.42072299999999996,0.087607,0
247,0.465445,0.5360149999999999,1
248,0.777712,0.012862,0
249,0.368191,0.39150100000000004,1
250,0.38514,0.047261000000000004,0
251,0.429583,0.5985739999999999,1
252,0.196405,0.977202,0
253,0.473695,0.385588,1
254,0.182779,0.9616239999999999,0
255,0.370395,0.622209,1
256,0.40032399999999996,0.237904,0
257,0.47967600000000005,0.511951,1
258,0.659093,0.37291799999999997,0
259,0.551087,0.322223,1
260,0.760618,0.70597,0
261,0.394204,0.389271,1
262,0.948691,0.646048,0
263,0.513949,0.54279,1
264,0.43988599999999994,0.172309,0
265,0.611925,0.416333,1
266,0.010481,0.155763,0
267,0.6619079999999999,0.49194399999999994,1
268,0.9963299999999999,0.324328,0
269,0.487991,0.6666569999999999,1
270,0.007978,0.0901,0
271,0.425671,0.456396,1
272,0.357584,0.9138229999999999,0
273,0.548511,0.6195510000000001,1
274,0.745223,0.963377,0
275,0.489742,0.499155,1
276,0.014603999999999999,0.448229,0
277,0.454934,0.6687489999999999,1
278,0.9250430000000001,0.204015,0
279,0.393312,0.592933,1
280,0.32524200000000003,0.33660999999999996,0
281,0.45882,0.393297,1
282,0.089585,0.652853,0
283,0.497568,0.41852700000000004,1
284,0.191102,0.847448,0
285,0.459876,0.540932,1
286,0.190167,0.13054200000000002,0
287,0.565365,0.68757,1
288,0.736808,0.526492,0
289,0.597847,0.607055,1
290,0.6731550000000001,0.709242,0
291,0.389777,0.376731,1
292,0.059019,0.924457,0
293,0.438424,0.398273,1
294,0.183304,0.7828109999999999,0
295,0.58396,0.410163,1
296,0.784829,0.6192479999999999,0
297,0.583114,0.596932,1
298,0.339084,0.981157,0
299,0.42149200000000003,0.613192,1
300,0.5342560000000001,0.23778000000000002,0
301,0.446675,0.6611630000000001,1
302,0.150121,0.076614,0
303,0.56362,0.557434,1
304,0.752779,0.9511879999999999,0
305,0.5453899999999999,0.5639529999999999,1
306,0.647896,0.182437,0
307,0.389836,0.577314,1
308,0.035327,0.741931,0
309,0.55703,0.610935,1
310,0.699479,0.136001,0
311,0.6087359999999999,0.425338,1
312,0.39353699999999997,0.169754,0
313,0.396991,0.434195,1
314,0.549823,0.877969,0
315,0.46631999999999996,0.44103100000000006,1
316,0.7576729999999999,0.202228,0
317,0.636423,0.563585,1
318,0.201742,0.677607,0
319,0.515314,0.6833279999999999,1
320,0.484501,0.015958,0
321,0.37993499999999997,0.562667,1
322,0.537698,0.083766,0
323,0.645035,0.5056510000000001,1
324,0.9524389999999999,0.634922,0
325,0.35338600000000003,0.36575599999999997,1
326,0.8878309999999999,0.770633,0
327,0.603021,0.36593400000000004,1
328,0.207063,0.115649,0
329,0.582379,0.643362,1
330,0.206394,0.8618459999999999,0
331,0.535039,0.594834,1
332,0.189458,0.22186799999999998,0
333,0.671925,0.435622,1
334,0.468258,0.015058000000000002,0
335,0.33265900000000004,0.39713899999999996,1
336,0.597956,0.8424959999999999,0
337,0.629796,0.38776700000000003,1
338,0.76458,0.302526,0
339,0.521552,0.33115300000000003,1
340,0.9597110000000001,0.8592989999999999,0
341,0.397899,0.483475,1
342,0.16347899999999999,0.58623,0
343,0.6075,0.45027799999999996,1
344,0.615034,0.8692190000000001,0
345,0.587553,0.402517,1
346,0.506462,0.104941,0
347,0.5998640000000001,0.518409,1
348,0.00405,0.068203,0
349,0.41577600000000003,0.5450689999999999,1
350,0.20587600000000003,0.166272,0
351,0.516664,0.568062,1
352,0.313372,0.837519,0
353,0.370775,0.613413,1
354,0.818623,0.59509,0
355,0.5684680000000001,0.437543,1
356,0.194492,0.826641,0
357,0.44318100000000005,0.342062,1
358,0.021231,0.835151,0
359,0.455205,0.42989499999999997,1
360,0.851612,0.046346,0
361,0.45543,0.6189060000000001,1
362,0.252579,0.090103,0
363,0.442144,0.517133,1
364,0.36751500000000004,0.8293440000000001,0
365,0.381164,0.426958,1
366,0.702458,0.204291,0
367,0.5052409999999999,0.5847479999999999,1
368,0.409102,0.770098,0
369,0.317791,0.512138,1
370,0.520336,0.29344499999999996,0
371,0.30353600000000003,0.5297729999999999,1
372,0.48253500000000005,0.961224,0
373,0.419725,0.513413,1
374,0.094354,0.808453,0
375,0.5650270000000001,0.6083310000000001,1
376,0.299977,0.7097060000000001,0
377,0.311556,0.517051,1
378,0.9307059999999999,0.377361,0
379,0.420976,0.350932,1
380,0.027548000000000003,0.9996079999999999,0
381,0.46260100000000004,0.338619,1
382,0.673,0.106058,0
383,0.507985,0.30655,1
384,0.228089,0.48425100000000004,0
385,0.6193529999999999,0.462628,1
386,0.237773,0.250191,0
387,0.32776,0.467488,1
388,0.049877,0.286473,0
389,0.6024510000000001,0.387789,1
390,0.6697390000000001,0.30541399999999996,0
391,0.334968,0.40355599999999997,1
392,0.154554,0.583994,0
393,0.375934,0.523007,1
394,0.189296,0.49311000000000005,0
395,0.580609,0.490483,1
396,0.62253,0.855044,0
397,0.588174,0.438032,1
398,0.751734,0.39939600000000003,0
399,0.562388,0.658109,1
400,0.8468379999999999,0.8029890000000001,0
401,0.637316,0.371528,1
402,0.43577200000000005,0.015975,0
403,0.49555200000000005,0.544103,1
404,0.69731,0.6844359999999999,0
405,0.425742,0.438341,1
406,0.727299,0.712955,0
407,0.5528770000000001,0.399937,1
408,0.099993,0.587819,0
409,0.49072200000000005,0.571997,1
410,0.704711,0.076585,0
411,0.362723,0.48764300000000005,1
412,0.292437,0.9962719999999999,0
413,0.436619,0.45680699999999996,1
414,0.7363390000000001,0.646073,0
415,0.5226029999999999,0.39403499999999997,1
416,0.10342,0.181288,0
417,0.662389,0.574198,1
418,0.10241600000000001,0.297642,0
419,0.484392,0.581138,1
420,0.72177,0.7900189999999999,0
421,0.6377510000000001,0.473725,1
422,0.481959,0.277525,0
423,0.44316000000000005,0.389236,1
424,0.489073,0.8485590000000001,0
425,0.595607,0.566971,1
426,0.44509499999999996,0.718725,0
427,0.547585,0.661045,1
428,0.22346799999999997,0.828205,0
429,0.556944,0.354976,1
430,0.9734309999999999,0.45714899999999997,0
431,0.42393400000000003,0.457521,1
432,0.967823,0.203566,0
433,0.43429700000000004,0.622315,1
434,0.864085,0.683833,0
435,0.375639,0.369588,1
436,0.920184,0.525881,0
437,0.49101300000000003,0.647184,1
438,0.7863899999999999,0.864477,0
439,0.404762,0.632628,1
440,0.202881,0.814715,0
441,0.6659729999999999,0.403913,1
442,0.172879,0.5756359999999999,0
443,0.584481,0.373208,1
444,0.019088,0.815163,0
445,0.480126,0.48285200000000006,1
446,0.9882489999999999,0.506088,0
447,0.625404,0.571472,1
448,0.562038,0.1706,0
449,0.408984,0.401828,1
450,0.57477,0.152739,0
451,0.335494,0.442097,1
452,0.5541119999999999,0.957859,0
453,0.595579,0.494806,1
454,0.25819899999999996,0.5460050000000001,0
455,0.585126,0.413612,1
456,0.70419,0.323965,0
457,0.648575,0.402812,1
458,0.917401,0.756312,0
459,0.43420699999999995,0.31819000000000003,1
460,0.29763,0.261494,0
461,0.40272199999999997,0.356105,1
462,0.694756,0.7718109999999999,0
463,0.634347,0.461848,1
464,0.44465200000000005,0.26331,0
465,0.48356099999999996,0.604592,1
466,0.190498,0.692312,0
467,0.573418,0.436778,1
468,0.086413,0.342357,0
469,0.69511,0.519113,1
470,0.8721700000000001,0.5602159999999999,0
471,0.522602,0.367237,1
472,0.139954,0.19973,0
473,0.6443369999999999,0.379177,1
474,0.8117810000000001,0.595727,0
475,0.45160200000000006,0.670245,1
476,0.750581,0.012235,0
477,0.5560930000000001,0.44838,1
478,0.12424500000000001,0.184363,0
479,0.53704,0.624236,1
480,0.5694640000000001,0.9874860000000001,0
481,0.568271,0.331465,1
482,0.08256799999999999,0.7140310000000001,0
483,0.585253,0.543496,1
484,0.096042,0.182947,0
485,0.612777,0.34433600000000003,1
486,0.8946149999999999,0.796177,0
487,0.435985,0.6006670000000001,1
488,0.28284699999999996,0.817425,0
489,0.48479300000000003,0.510307,1
490,0.565064,0.030973,0
491,0.523459,0.38037600000000005,1
492,0.194236,0.526881,0
493,0.414549,0.329909,1
494,0.818972,0.465563,0
495,0.5876560000000001,0.533751,1
496,0.613296,0.670984,0
497,0.39402600000000004,0.6017140000000001,1
498,0.280559,0.35255,0
499,0.42124399999999995,0.442382,1
500,0.528339,0.800651,0
501,0.51913,0.423642,1
502,0.139931,0.8167,0
503,0.407982,0.347147,1
504,0.015674,0.43436099999999994,0
505,0.41898599999999997,0.50602,1
506,0.835211,0.395775,0
507,0.615211,0.44837,1
508,0.130584,0.718483,0
509,0.514175,0.335433,1
510,0.812533,0.24212199999999998,0
511,0.437892,0.659035,1
512,0.739252,0.6081529999999999,0
513,0.388257,0.441981,1
514,0.6747380000000001,0.329228,0
515,0.433604,0.574527,1
516,0.925732,0.784412,0
517,0.542281,0.315882,1
518,0.32208200000000003,0.23391199999999998,0
519,0.440288,0.5246460000000001,1
520,0.079471,0.670287,0
521,0.507506,0.6483359999999999,1
522,0.200679,0.8042060000000001,0
523,0.41938100000000006,0.34168200000000004,1
524,0.128693,0.937788,0
525,0.463347,0.47785600000000006,1
526,0.048829000000000004,0.665818,0
527,0.45905,0.653453,1
528,0.20617,0.107044,0
529,0.38974200000000003,0.591585,1
530,0.673348,0.955659,0
531,0.470796,0.47534899999999997,1
532,0.711346,0.587711,0
533,0.564874,0.431374,1
534,0.9966,0.854661,0
535,0.41721800000000003,0.379857,1
536,0.392092,0.895855,0
537,0.5511119999999999,0.340568,1
538,0.028589999999999997,0.507415,0
539,0.348655,0.44369899999999995,1
540,0.860316,0.33363200000000004,0
541,0.440254,0.356039,1
542,0.9780030000000001,0.29197399999999996,0
543,0.59688,0.355768,1
544,0.23349699999999998,0.38308400000000004,0
545,0.49768,0.316017,1
546,0.006789,0.10094299999999999,0
547,0.517325,0.48435600000000006,1
548,0.160667,0.332154,0
549,0.506754,0.417812,1
550,0.182947,0.7932520000000001,0
551,0.373178,0.597722,1
552,0.545617,0.188621,0
553,0.359077,0.404927,1
554,0.776941,0.045288,0
555,0.36280100000000004,0.590226,1
556,0.58763,0.303573,0
557,0.363056,0.47852,1
558,0.94366,0.097233,0
559,0.37945999999999996,0.591594,1
560,0.05419500000000001,0.847505,0
561,0.678519,0.47211899999999996,1
562,0.99646,0.502563,0
563,0.533554,0.441655,1
564,0.9746950000000001,0.694159,0
565,0.591487,0.5190739999999999,1
566,0.942177,0.166663,0
567,0.339643,0.5842229999999999,1
568,0.322258,0.188953,0
569,0.592432,0.396458,1
570,0.903032,0.25995300000000005,0
571,0.51846,0.357856,1
572,0.9686379999999999,0.9011129999999999,0
573,0.57733,0.585856,1
574,0.958867,0.6733319999999999,0
575,0.576595,0.632061,1
576,0.355456,0.15043800000000002,0
577,0.46521599999999996,0.685188,1
578,0.6437350000000001,0.262531,0
579,0.443021,0.449036,1
580,0.125538,0.9128219999999999,0
581,0.6181399999999999,0.478029,1
582,0.351825,0.12745399999999998,0
583,0.350044,0.582113,1
584,0.7001149999999999,0.8357049999999999,0
585,0.574333,0.618202,1
586,0.041644,0.9068729999999999,0
587,0.626564,0.458671,1
588,0.957174,0.227282,0
589,0.36325,0.5500010000000001,1
590,0.43148800000000004,0.015428,0
591,0.42034499999999997,0.545863,1
592,0.781721,0.387813,0
593,0.338502,0.611412,1
594,0.741034,0.552358,0
595,0.491829,0.37504899999999997,1
596,0.35038600000000003,0.942205,0
597,0.552883,0.497159,1
598,0.137542,0.666705,0
599,0.426121,0.419727,1
600,0.979384,0.509626,0
601,0.414915,0.48242399999999996,1
602,0.013012000000000001,0.6965560000000001,0
603,0.309177,0.5448930000000001,1
604,0.81121,0.002523,0
605,0.46361499999999994,0.571804,1
606,0.5417529999999999,0.244446,0
607,0.461013,0.443716,1
608,0.568274,0.978872,0
609,0.658748,0.585492,1
610,0.666697,0.174483,0
611,0.5159590000000001,0.31461300000000003,1
612,2.7000000000000002e-05,0.446455,0
613,0.52925,0.502242,1
614,0.6967760000000001,0.707058,0
615,0.510714,0.564053,1
616,0.837774,0.463471,0
617,0.5225,0.650404,1
618,0.106945,0.41816899999999996,0
619,0.36641799999999997,0.587588,1
620,0.747529,0.716615,0
621,0.306176,0.494965,1
622,0.949377,0.172592,0
623,0.5999369999999999,0.536108,1
624,0.6521170000000001,0.137193,0
625,0.6228819999999999,0.573325,1
626,0.41746000000000005,0.251775,0
627,0.53487,0.552409,1
628,0.6131840000000001,0.7911060000000001,0
629,0.47446800000000006,0.591063,1
630,0.744472,0.333229,0
631,0.532431,0.365025,1
632,0.183607,0.8770969999999999,0
633,0.44647700000000007,0.540998,1
634,0.11815,0.740054,0
635,0.335454,0.577842,1
636,0.208535,0.842569,0
637,0.324282,0.408298,1
638,0.802866,0.776158,0
639,0.503412,0.650026,1
640,0.234129,0.99928,0
641,0.659998,0.385366,1
642,0.857988,0.211639,0
643,0.455534,0.352519,1
644,0.715978,0.44007299999999994,0
645,0.424834,0.38058600000000004,1
646,0.040851,0.581086,0
647,0.42734799999999995,0.635157,1
648,0.467851,0.173019,0
649,0.421709,0.670968,1
650,0.127451,0.07470700000000001,0
651,0.540771,0.540736,1
652,0.128855,0.664824,0
653,0.579338,0.329726,1
654,0.018096,0.147556,0
655,0.374338,0.502115,1
656,0.34628600000000004,0.029731999999999998,0
657,0.581548,0.682437,1
658,0.048684,0.234697,0
659,0.520567,0.576475,1
660,0.798391,0.554552,0
661,0.441708,0.39424899999999996,1
662,0.119624,0.527825,0
663,0.464066,0.5520430000000001,1
664,0.223154,0.543754,0
665,0.44368199999999997,0.36320399999999997,1
666,0.658675,0.351444,0
667,0.584743,0.382847,1
668,0.042862,0.382322,0
669,0.575096,0.645389,1
670,0.394764,0.799773,0
671,0.616742,0.590879,1
672,0.020174,0.06091900000000001,0
673,0.6453979999999999,0.598264,1
674,0.296505,0.356477,0
675,0.42234499999999997,0.555705,1
676,0.096038,0.10886199999999999,0
677,0.558096,0.5203439999999999,1
678,0.31246599999999997,0.6215069999999999,0
679,0.568922,0.47093199999999996,1
680,0.14943800000000002,0.597647,0
681,0.563611,0.418041,1
682,0.769686,0.113006,0
683,0.41962,0.35324099999999997,1
684,0.052205999999999995,0.42681099999999994,0
685,0.46613699999999997,0.5648890000000001,1
686,0.96475,0.544927,0
687,0.5359109999999999,0.453348,1
688,0.307113,0.649778,0
689,0.54656,0.628429,1
690,0.764899,0.657304,0
691,0.48526199999999997,0.39758699999999997,1
692,0.366166,0.149214,0
693,0.637629,0.438643,1
694,0.74934,0.159532,0
695,0.401159,0.48432299999999995,1
696,0.7947930000000001,0.094292,0
697,0.605938,0.602483,1
698,0.862433,0.9161879999999999,0
699,0.45131099999999996,0.586014,1
700,0.598124,0.678232,0
701,0.317123,0.480566,1
702,0.92553,0.388425,0
703,0.401929,0.6202880000000001,1
704,0.691438,0.005323,0
705,0.48257,0.359971,1
706,0.816986,0.091052,0
707,0.42645200000000005,0.37335300000000005,1
708,0.126176,0.645083,0
709,0.662617,0.398149,1
710,0.9844809999999999,0.176281,0
711,0.60501,0.60091,1
712,0.38057199999999997,0.276856,0
713,0.346231,0.512468,1
714,0.378715,0.069506,0
715,0.46255,0.682192,1
716,0.74876,0.40246,0
717,0.357889,0.440188,1
718,0.098924,0.60953,0
719,0.44701499999999994,0.38134,1
720,0.706607,0.944198,0
721,0.629803,0.49420600000000003,1
722,0.049377,0.883481,0
723,0.563347,0.365582,1
724,0.7219409999999999,0.6568649999999999,0
725,0.610873,0.345277,1
726,0.42160699999999995,0.9482780000000001,0
727,0.58322,0.379118,1
728,0.354958,0.779424,0
729,0.6114729999999999,0.42431899999999995,1
730,0.590481,0.2203,0
731,0.532995,0.649796,1
732,0.686088,0.074509,0
733,0.41000299999999995,0.328776,1
734,0.10683800000000002,0.621595,0
735,0.35625,0.497936,1
736,0.775145,0.8661979999999999,0
737,0.37439,0.566387,1
738,0.904223,0.28026799999999996,0
739,0.482537,0.5946779999999999,1
740,0.643968,0.171208,0
741,0.49434300000000003,0.622009,1
742,0.009023,0.6575989999999999,0
743,0.407209,0.562193,1
744,0.684183,0.055643,0
745,0.37598899999999996,0.638733,1
746,0.7023189999999999,0.8727209999999999,0
747,0.631024,0.62765,1
748,0.031,0.016867,0
749,0.49014399999999997,0.44985600000000003,1
750,0.574805,0.742589,0
751,0.578885,0.32462399999999997,1
752,0.638605,0.026241000000000004,0
753,0.40212600000000004,0.33129000000000003,1
754,0.712304,0.685105,0
755,0.523162,0.5756819999999999,1
756,0.831872,0.271942,0
757,0.509887,0.67313,1
758,0.9965450000000001,0.926931,0
759,0.67407,0.500142,1
760,0.464104,0.200299,0
761,0.46991700000000003,0.491863,1
762,0.024309,0.558084,0
763,0.38776700000000003,0.6053029999999999,1
764,0.07264,0.856582,0
765,0.526404,0.6688189999999999,1
766,0.855197,0.294207,0
767,0.59222,0.444954,1
768,0.623131,0.9568989999999999,0
769,0.537732,0.656913,1
770,0.764677,0.921637,0
771,0.566025,0.578976,1
772,0.8586870000000001,0.958816,0
773,0.626406,0.611639,1
774,0.311948,0.902705,0
775,0.604687,0.37434,1
776,0.7756430000000001,0.228345,0
777,0.615207,0.386923,1
778,0.30687800000000004,0.697218,0
779,0.535227,0.5670930000000001,1
780,0.58709,0.22937600000000002,0
781,0.451446,0.446482,1
782,0.8257329999999999,0.102019,0
783,0.550506,0.549999,1
784,0.34728400000000004,0.800366,0
785,0.50857,0.533365,1
786,0.23169099999999998,0.026945999999999998,0
787,0.6501319999999999,0.570738,1
788,0.740097,0.817192,0
789,0.518921,0.5031909999999999,1
790,0.1814,0.786571,0
791,0.660243,0.5021140000000001,1
792,0.337841,0.100458,0
793,0.462291,0.32904,1
794,0.19283499999999998,0.977735,0
795,0.616111,0.378463,1
796,0.837569,0.020916999999999998,0
797,0.522212,0.614143,1
798,0.508016,0.224517,0
799,0.48583699999999996,0.456726,1
800,0.239979,0.323765,0
801,0.507067,0.46839200000000003,1
802,0.413523,0.08448,0
803,0.641363,0.386813,1
804,0.6446,0.795293,0
805,0.49269700000000005,0.551423,1
806,0.179556,0.797671,0
807,0.480626,0.48071499999999995,1
808,0.207984,0.5855630000000001,0
809,0.5238010000000001,0.524987,1
810,0.403159,0.8940049999999999,0
811,0.513662,0.518093,1
812,0.7415470000000001,0.184718,0
813,0.522116,0.6073270000000001,1
814,0.10749600000000001,0.680794,0
815,0.323365,0.59344,1
816,0.62444,0.9547559999999999,0
817,0.536329,0.689267,1
818,0.012116,0.633832,0
819,0.626972,0.516749,1
820,0.263508,0.784193,0
821,0.434526,0.470271,1
822,0.6694869999999999,0.074525,0
823,0.51935,0.522137,1
824,0.645137,0.812053,0
825,0.36698400000000003,0.508104,1
826,0.9965450000000001,0.9318930000000001,0
827,0.43205299999999996,0.521652,1
828,0.248288,0.974727,0
829,0.397966,0.422378,1
830,0.005419,0.069261,0
831,0.32507800000000003,0.577987,1
832,0.635624,0.939552,0
833,0.677595,0.543262,1
834,0.269097,0.705398,0
835,0.5509149999999999,0.6328779999999999,1
836,0.695976,0.262639,0
837,0.371581,0.554349,1
838,0.129751,0.723424,0
839,0.533378,0.676268,1
840,0.8571780000000001,0.5975520000000001,0
841,0.54184,0.512124,1
842,0.9269719999999999,0.624499,0
843,0.599165,0.36154000000000003,1
844,0.763007,0.856935,0
845,0.500339,0.594715,1
846,0.19388699999999998,0.651696,0
847,0.655891,0.566512,1
848,0.185802,0.767369,0
849,0.467013,0.485738,1
850,0.262842,0.586013,0
851,0.34509,0.520107,1
852,0.344004,0.677674,0
853,0.564886,0.6348,1
854,0.453611,0.844103,0
855,0.531592,0.660824,1
856,0.935947,0.461167,0
857,0.6315729999999999,0.644195,1
858,0.223863,0.466571,0
859,0.5607810000000001,0.43990100000000004,1
860,0.308579,0.291759,0
861,0.53459,0.648999,1
862,0.083371,0.22051300000000001,0
863,0.36225,0.533281,1
864,0.899611,0.7671859999999999,0
865,0.516634,0.47491700000000003,1
866,0.8348780000000001,0.7978310000000001,0
867,0.359566,0.627574,1
868,0.826673,0.8948799999999999,0
869,0.402044,0.5508310000000001,1
870,0.283093,0.939808,0
871,0.44445200000000007,0.506851,1
872,0.9308629999999999,0.011637999999999999,0
873,0.542621,0.429091,1
874,0.07545199999999999,0.124048,0
875,0.59922,0.49331899999999995,1
876,0.801808,0.9806379999999999,0
877,0.533905,0.344039,1
878,0.42506400000000005,0.058311,0
879,0.310339,0.468551,1
880,0.095427,0.8387870000000001,0
881,0.499251,0.309145,1
882,0.263351,0.14188599999999998,0
883,0.567855,0.54006,1
884,0.713374,0.682052,0
885,0.401304,0.511574,1
886,0.8296040000000001,0.147224,0
887,0.457093,0.5548529999999999,1
888,0.270504,0.35905,0
889,0.518988,0.42346999999999996,1
890,0.9069879999999999,0.749805,0
891,0.686284,0.569419,1
892,0.32127100000000003,0.6093770000000001,0
893,0.46769799999999995,0.400281,1
894,0.17055499999999998,0.5126069999999999,0
895,0.452903,0.5438569999999999,1
896,0.270081,0.250421,0
897,0.564545,0.51208,1
898,0.08844099999999999,0.424997,0
899,0.584957,0.367002,1
900,0.261894,0.648887,0
901,0.6391319999999999,0.49011400000000005,1
902,0.11031400000000001,0.039744,0
903,0.345063,0.47557200000000005,1
904,0.109626,0.47752700000000003,0
905,0.620853,0.468822,1
906,0.726336,0.5371640000000001,0
907,0.432212,0.385194,1
908,0.32611,0.9251809999999999,0
909,0.506883,0.584305,1
910,0.777694,0.700872,0
911,0.519237,0.611276,1
912,0.031556,0.36822699999999997,0
913,0.618454,0.564272,1
914,0.060884,0.274513,0
915,0.59515,0.484951,1
916,0.182149,0.37464400000000003,0
917,0.5586949999999999,0.5825600000000001,1
918,0.6685810000000001,0.8406309999999999,0
919,0.49195900000000004,0.556392,1
920,0.9604,0.44147299999999995,0
921,0.44634399999999996,0.310388,1
922,0.497964,0.27983,0
923,0.3878,0.356871,1
924,0.5839949999999999,0.202694,0
925,0.569641,0.5595359999999999,1
926,0.055277,0.038093,0
927,0.39046,0.666734,1
928,0.22977399999999998,0.804429,0
929,0.5789,0.5737220000000001,1
930,0.10040700000000001,0.541728,0
931,0.630776,0.455074,1
932,0.8377709999999999,0.418336,0
933,0.471367,0.46506800000000004,1
934,0.734707,0.21424200000000002,0
935,0.607641,0.41572700000000007,1
936,0.5720149999999999,0.859342,0
937,0.431208,0.316679,1
938,0.7992279999999999,0.623476,0
939,0.6039640000000001,0.614626,1
940,0.814924,0.42958100000000005,0
941,0.568005,0.662971,1
942,0.148377,0.7668149999999999,0
943,0.6412909999999999,0.371334,1
944,0.256825,0.45047600000000004,0
945,0.358768,0.41595699999999997,1
946,0.210036,0.066801,0
947,0.588454,0.344829,1
948,0.8812180000000001,0.633325,0
949,0.41889499999999996,0.566294,1
950,0.01829,0.40077399999999996,0
951,0.6251899999999999,0.5761970000000001,1
952,0.12078299999999999,0.99393,0
953,0.346476,0.624117,1
954,0.583511,0.07725499999999999,0
955,0.47298500000000004,0.452187,1
956,0.5258619999999999,0.166237,0
957,0.680974,0.53388,1
958,0.055479999999999995,0.445037,0
959,0.493065,0.34792,1
960,0.46993999999999997,0.274669,0
961,0.44313199999999997,0.32093499999999997,1
962,0.619807,0.092807,0
963,0.622853,0.493446,1
964,0.12145299999999999,0.267541,0
965,0.526841,0.409587,1
966,0.627846,0.200351,0
967,0.418738,0.331081,1
968,0.928214,0.486289,0
969,0.427571,0.380322,1
970,0.9384030000000001,0.7325149999999999,0
971,0.454532,0.32159899999999997,1
972,0.528694,0.7660899999999999,0
973,0.570127,0.325842,1
974,0.819436,0.258702,0
975,0.42670399999999997,0.611483,1
976,0.720689,0.61906,0
977,0.5151359999999999,0.486339,1
978,0.493014,0.083623,0
979,0.483397,0.647162,1
980,0.8651719999999999,0.946048,0
981,0.390498,0.500197,1
982,0.769667,0.78577,0
983,0.476421,0.605348,1
984,0.9728899999999999,0.36308,0
985,0.417538,0.553092,1
986,0.273208,0.803606,0
987,0.38416500000000003,0.45780299999999996,1
988,0.282246,0.706836,0
989,0.616766,0.58921,1
990,0.888337,0.282115,0
991,0.502512,0.319579,1
992,0.663373,0.313444,0
993,0.320975,0.42557700000000004,1
994,0.420117,0.9132020000000001,0
995,0.373769,0.5326,1
996,0.26781,0.07995,0
997,0.589962,0.48998400000000003,1
998,0.665331,0.21049099999999998,0
999,0.591843,0.500417,1
1000,0.039511000000000004,0.064105,0
1001,0.48239499999999996,0.606959,1
1002,0.902284,0.691837,0
1003,0.414653,0.467203,1
1004,0.885108,0.012333,0
1005,0.30596100000000004,0.4782,1
1006,0.765385,0.8313290000000001,0
1007,0.551632,0.673049,1
1008,0.7331449999999999,0.9698829999999999,0
1009,0.328907,0.535036,1
1010,0.258522,0.971675,0
1011,0.48066800000000004,0.38055900000000004,1
1012,0.42215600000000003,0.17244500000000001,0
1013,0.454456,0.643637,1
1014,0.294648,0.142514,0
1015,0.5574060000000001,0.5257350000000001,1
1016,0.189694,0.1787,0
1017,0.30441399999999996,0.48103,1
1018,0.196804,0.69099,0
1019,0.652729,0.612282,1
1020,0.5690970000000001,0.809287,0
1021,0.384937,0.643051,1
1022,0.732344,0.502853,0
1023,0.583708,0.585051,1
1024,0.452201,0.143736,0
1025,0.40513899999999997,0.574132,1
1026,0.181806,0.614178,0
1027,0.40171599999999996,0.6332720000000001,1
1028,0.11549300000000001,0.090117,0
1029,0.562412,0.655726,1
1030,0.7461720000000001,0.9138459999999999,0
1031,0.727967,0.348062,1
1032,0.405356,0.825592,0
1033,0.6238239999999999,0.401991,1
1034,0.615042,0.008255,0
1035,0.457688,0.5553899999999999,1
1036,0.316407,0.852548,0
1037,0.398669,0.629339,1
1038,0.7212890000000001,0.712047,0
1039,0.664888,0.566238,1
1040,0.07165,0.216554,0
1041,0.468747,0.43434300000000003,1
1042,0.875498,0.498666,0
1043,0.549755,0.336991,1
1044,0.974858,0.440346,0
1045,0.35743400000000003,0.391327,1
1046,0.46903999999999996,0.148895,0
1047,0.6302,0.374657,1
1048,0.394411,0.8592850000000001,0
1049,0.7048800000000001,0.510374,1
1050,0.1775,0.235391,0
1051,0.543629,0.573437,1
1052,0.890065,0.327376,0
1053,0.41948199999999997,0.430487,1
1054,0.551683,0.131025,0
1055,0.463596,0.661964,1
1056,0.9143549999999999,0.562246,0
1057,0.44199399999999994,0.384995,1
1058,0.9756969999999999,0.536881,0
1059,0.48804200000000003,0.316513,1
1060,0.778127,0.982792,0
1061,0.5642159999999999,0.583361,1
1062,0.867708,0.571124,0
1063,0.5986319999999999,0.6151270000000001,1
1064,0.8348770000000001,0.785489,0
1065,0.39173600000000003,0.514166,1
1066,0.9564729999999999,0.437717,0
1067,0.575751,0.440173,1
1068,0.229433,0.08558400000000001,0
1069,0.581056,0.40773899999999996,1
1070,0.9354120000000001,0.477567,0
1071,0.487415,0.582993,1
1072,0.618081,0.081466,0
1073,0.680167,0.558636,1
1074,0.810301,0.734193,0
1075,0.340692,0.608583,1
1076,0.787452,0.702432,0
1077,0.519672,0.334945,1
1078,0.523995,0.779523,0
1079,0.34507,0.595767,1
1080,0.18826800000000002,0.21529600000000002,0
1081,0.374845,0.6146560000000001,1
1082,0.169322,0.802719,0
1083,0.554133,0.313853,1
1084,0.571257,0.11856099999999999,0
1085,0.49984399999999996,0.678966,1
1086,0.09982100000000001,0.699623,0
1087,0.5502090000000001,0.361528,1
1088,0.320344,0.013684,0
1089,0.5762430000000001,0.316039,1
1090,0.369503,0.23593499999999998,0
1091,0.581708,0.565623,1
1092,0.04514,0.66219,0
1093,0.41163,0.460408,1
1094,0.8264729999999999,0.53135,0
1095,0.653345,0.569818,1
1096,0.49058100000000004,0.199461,0
1097,0.582919,0.520698,1
1098,0.054083000000000006,0.970617,0
1099,0.5865640000000001,0.383756,1
1100,0.08023200000000001,0.45088100000000003,0
1101,0.38291,0.565265,1
1102,0.372033,0.762242,0
1103,0.384477,0.507017,1
1104,0.174034,0.981251,0
1105,0.46987700000000004,0.6272979999999999,1
1106,0.738775,0.599351,0
1107,0.649079,0.463296,1
1108,0.20904699999999998,0.46009799999999995,0
1109,0.511516,0.44175200000000003,1
1110,0.574629,0.794067,0
1111,0.620506,0.648241,1
1112,0.914168,0.415803,0
1113,0.536679,0.55652,1
1114,0.595058,0.14278,0
1115,0.402708,0.508654,1
1116,0.294648,0.153729,0
1117,0.47037700000000005,0.6239899999999999,1
1118,0.958208,0.593635,0
1119,0.46567,0.720496,1
1120,0.010442,0.492345,0
1121,0.333405,0.540239,1
1122,0.144523,0.998209,0
1123,0.5519729999999999,0.404518,1
1124,0.06912599999999999,0.804411,0
1125,0.585921,0.581702,1
1126,0.215644,0.333978,0
1127,0.42765200000000003,0.7404850000000001,1
1128,0.966404,0.359757,0
1129,0.454717,0.6323270000000001,1
1130,0.35099,0.09325599999999999,0
1131,0.628872,0.45466599999999996,1
1132,0.904544,0.667705,0
1133,0.663401,0.581168,1
1134,0.42095,0.907486,0
1135,0.602568,0.556217,1
1136,0.42440500000000003,0.974239,0
1137,0.590381,0.33322399999999996,1
1138,0.207368,0.22628299999999998,0
1139,0.587005,0.595904,1
1140,0.8346819999999999,0.503517,0
1141,0.559476,0.507957,1
1142,0.859604,0.37199699999999997,0
1143,0.26010900000000003,0.6523439999999999,1
1144,0.012639,0.429622,0
1145,0.569163,0.521069,1
1146,0.716421,0.8912540000000001,0
1147,0.524048,0.6776399999999999,1
1148,0.820264,0.182251,0
1149,0.673074,0.551515,1
1150,0.8855719999999999,0.812429,0
1151,0.602238,0.40868699999999997,1
1152,0.585839,0.188644,0
1153,0.635652,0.40961400000000003,1
1154,0.087451,0.793415,0
1155,0.49771899999999997,0.565521,1
1156,0.803954,0.062134,0
1157,0.36795900000000004,0.6918880000000001,1
1158,0.9577389999999999,0.722147,0
1159,0.233544,0.5705359999999999,1
1160,0.034428,0.635904,0
1161,0.677091,0.476239,1
1162,0.793145,0.38258200000000003,0
1163,0.565106,0.337744,1
1164,0.329013,0.7275159999999999,0
1165,0.368158,0.636468,1
1166,0.800176,0.55135,0
1167,0.5944229999999999,0.669664,1
1168,0.853626,0.884726,0
1169,0.4537,0.327606,1
1170,0.860425,0.164345,0
1171,0.388786,0.327316,1
1172,0.035032,0.78042,0
1173,0.417817,0.446258,1
1174,0.033586000000000005,0.47298500000000004,0
1175,0.5287470000000001,0.44288500000000003,1
1176,0.272239,0.516251,0
1177,0.44196899999999995,0.366419,1
1178,0.254882,0.803692,0
1179,0.534728,0.569149,1
1180,0.037691,0.466437,0
1181,0.442776,0.339594,1
1182,0.606824,0.895025,0
1183,0.5394260000000001,0.33326,1
1184,0.427009,0.74785,0
1185,0.49338000000000004,0.23861,1
1186,0.299705,0.13992000000000002,0
1187,0.546967,0.681311,1
1188,0.909381,0.9641,0
1189,0.51817,0.685334,1
1190,0.531015,0.764325,0
1191,0.788912,0.44240100000000004,1
1192,0.858246,0.541758,0
1193,0.537088,0.43008,1
1194,0.283159,0.052225,0
1195,0.6963229999999999,0.501141,1
1196,0.13273,0.792253,0
1197,0.490385,0.507841,1
1198,0.163906,0.765319,0
1199,0.443888,0.619275,1
1200,0.781856,0.66045,0
1201,0.35735700000000004,0.7033189999999999,1
1202,0.342895,0.04247,0
1203,0.648813,0.402456,1
1204,0.7168439999999999,0.999765,0
1205,0.497209,0.385984,1
1206,0.413145,0.725132,0
1207,0.25403600000000004,0.587183,1
1208,0.319054,0.337475,0
1209,0.421886,0.442878,1
1210,0.8528049999999999,0.097066,0
1211,0.666425,0.405294,1
1212,0.814083,0.28622800000000004,0
1213,0.47650299999999995,0.384783,1
1214,0.025437,0.5120239999999999,0
1215,0.6168779999999999,0.46086400000000005,1
1216,0.8975069999999999,0.392428,0
1217,0.544783,0.36841999999999997,1
1218,0.08077100000000001,0.520094,0
1219,0.299507,0.412001,1
1220,0.715069,0.1576,0
1221,0.397948,0.505898,1
1222,0.904819,0.28625700000000004,0
1223,0.724584,0.477009,1
1224,0.1487,0.205719,0
1225,0.329829,0.432562,1
1226,0.957622,0.7577520000000001,0
1227,0.454741,0.624159,1
1228,0.9355370000000001,0.578368,0
1229,0.533101,0.43111800000000006,1
1230,0.8420049999999999,0.573604,0
1231,0.5197689999999999,0.364983,1
1232,0.950685,0.166302,0
1233,0.694623,0.335827,1
1234,0.11799200000000001,0.08723600000000001,0
1235,0.48211899999999996,0.5710810000000001,1
1236,0.8738670000000001,0.074677,0
1237,0.652213,0.340131,1
1238,0.038005000000000004,0.752899,0
1239,0.529085,0.534518,1
1240,0.5304949999999999,0.02785,0
1241,0.549934,0.334512,1
1242,0.565017,0.248258,0
1243,0.2676,0.556725,1
1244,0.178149,0.142704,0
1245,0.5561010000000001,0.792561,1
1246,0.162366,0.8862559999999999,0
1247,0.41303199999999995,0.43303100000000005,1
1248,0.16414600000000001,0.801902,0
1249,0.5599729999999999,0.460312,1
1250,0.704511,0.721021,0
1251,0.7589670000000001,0.5538350000000001,1
1252,0.37145,0.965772,0
1253,0.45346499999999995,0.38900500000000005,1
1254,0.267568,0.011976,0
1255,0.471081,0.451028,1
1256,0.784802,0.173811,0
1257,0.47925,0.360095,1
1258,0.24164000000000002,0.238648,0
1259,0.333137,0.42820600000000003,1
1260,0.9873790000000001,0.8746280000000001,0
1261,0.493597,0.48848199999999997,1
1262,0.321947,0.968201,0
1263,0.335063,0.396892,1
1264,0.901739,0.532606,0
1265,0.441967,0.735265,1
1266,0.6064109999999999,0.954828,0
1267,0.584559,0.47880600000000006,1
1268,0.7703899999999999,0.946485,0
1269,0.35434699999999997,0.50413,1
1270,0.9240299999999999,0.168983,0
1271,0.433909,0.30988000000000004,1
1272,0.381096,0.084065,0
1273,0.444379,0.472059,1
1274,0.843885,0.18337799999999999,0
1275,0.726687,0.42417200000000005,1
1276,0.20480500000000001,0.156005,0
1277,0.616067,0.43157399999999996,1
1278,0.947543,0.348405,0
1279,0.396631,0.370406,1
1280,0.014615000000000001,0.640202,0
1281,0.365929,0.361652,1
1282,0.725829,0.003636,0
1283,0.316323,0.44437200000000004,1
1284,0.161241,0.982216,0
1285,0.207979,0.505977,1
1286,0.019911,0.649946,0
1287,0.52546,0.399021,1
1288,0.032612,0.105386,0
1289,0.347587,0.300502,1
1290,0.692523,0.235973,0
1291,0.620404,0.330351,1
1292,0.24858000000000002,0.8819309999999999,0
1293,0.557363,0.606394,1
1294,0.443154,0.092736,0
1295,0.440096,0.497446,1
1296,0.789375,0.022668,0
1297,0.647373,0.593004,1
1298,0.101135,0.769162,0
1299,0.377332,0.420548,1
1300,0.23507399999999998,0.891725,0
1301,0.522568,0.594846,1
1302,0.670611,0.9511569999999999,0
1303,0.45997299999999997,0.369126,1
1304,0.7408640000000001,0.7003119999999999,0
1305,0.36448,0.417537,1
1306,0.651744,0.866972,0
1307,0.43385,0.515521,1
1308,0.9317,0.08402899999999999,0
1309,0.5640970000000001,0.771656,1
1310,0.744969,0.6889270000000001,0
1311,0.338047,0.563421,1
1312,0.638129,0.034282,0
1313,0.5309619999999999,0.672507,1
1314,0.42135600000000006,0.730014,0
1315,0.37138000000000004,0.5889220000000001,1
1316,0.937476,0.156507,0
1317,0.41851099999999997,0.722445,1
1318,0.978524,0.057594000000000006,0
1319,0.407596,0.674042,1
1320,0.9307350000000001,0.870735,0
1321,0.492104,0.399119,1
1322,0.593609,0.789154,0
1323,0.770889,0.5360739999999999,1
1324,0.236184,0.539669,0
1325,0.5768260000000001,0.522776,1
1326,0.804054,0.73455,0
1327,0.5487390000000001,0.659903,1
1328,0.721122,0.9048700000000001,0
1329,0.572429,0.41166800000000003,1
1330,0.074911,0.02843,0
1331,0.48919700000000005,0.528933,1
1332,0.6904779999999999,0.8567440000000001,0
1333,0.27820900000000004,0.664419,1
1334,0.218302,0.009618000000000002,0
1335,0.389764,0.569656,1
1336,0.22540700000000002,0.42029799999999995,0
1337,0.365265,0.415825,1
1338,0.850584,0.758343,0
1339,0.30115,0.434129,1
1340,0.278499,0.7383109999999999,0
1341,0.42531,0.38334,1
1342,0.957242,0.37256100000000003,0
1343,0.350664,0.40902,1
1344,0.769617,0.9459620000000001,0
1345,0.513709,0.5081939999999999,1
1346,0.8783549999999999,0.5101859999999999,0
1347,0.622449,0.497576,1
1348,0.521926,0.0060880000000000005,0
1349,0.629875,0.510484,1
1350,0.011073000000000001,0.103235,0
1351,0.773885,0.492205,1
1352,0.491696,0.9289639999999999,0
1353,0.340633,0.423546,1
1354,0.9114040000000001,0.9652059999999999,0
1355,0.331834,0.73839,1
1356,0.169915,0.759301,0
1357,0.554296,0.44488,1
1358,0.40222199999999997,0.137324,0
1359,0.6239359999999999,0.287179,1
1360,0.18568099999999998,0.73634,0
1361,0.28013299999999997,0.597888,1
1362,0.9454389999999999,0.990614,0
1363,0.5964149999999999,0.353531,1
1364,0.40008299999999997,0.189065,0
1365,0.379811,0.688986,1
1366,0.755575,0.942924,0
1367,0.710389,0.702771,1
1368,0.144754,0.882663,0
1369,0.541383,0.423158,1
1370,0.592208,0.23725300000000002,0
1371,0.259877,0.355685,1
1372,0.13780699999999999,0.129051,0
1373,0.409865,0.408605,1
1374,0.048708,0.640502,0
1375,0.5331,0.406552,1
1376,0.934059,0.7257640000000001,0
1377,0.661818,0.567389,1
1378,0.821657,0.582993,0
1379,0.72737,0.5107149999999999,1
1380,0.10555,0.9817620000000001,0
1381,0.401014,0.648127,1
1382,0.225369,0.77258,0
1383,0.506656,0.767597,1
1384,0.9459700000000001,0.91874,0
1385,0.39327199999999995,0.716078,1
1386,0.098761,0.882134,0
1387,0.689497,0.5836600000000001,1
1388,0.617055,0.8396379999999999,0
1389,0.584967,0.542557,1
1390,0.484145,0.029927999999999996,0
1391,0.6614260000000001,0.38309299999999996,1
1392,0.7281979999999999,0.820876,0
1393,0.764563,0.41132399999999997,1
1394,0.44362399999999996,0.995554,0
1395,0.45513400000000004,0.632016,1
1396,0.769035,0.170693,0
1397,0.556624,0.583464,1
1398,0.132325,0.984776,0
1399,0.28630900000000004,0.603442,1
1400,0.7662909999999999,0.048115,0
1401,0.582259,0.634759,1
1402,0.326644,0.90864,0
1403,0.5010899999999999,0.223023,1
1404,0.755323,0.705688,0
1405,0.410711,0.417966,1
1406,0.162083,0.132855,0
1407,0.477616,0.697542,1
1408,0.9263030000000001,0.374743,0
1409,0.368397,0.254707,1
1410,0.07828,0.655146,0
1411,0.39864099999999997,0.36235900000000004,1
1412,0.513256,0.29678699999999997,0
1413,0.417637,0.4316,1
1414,0.017274,0.330422,0
1415,0.674655,0.72809,1
1416,0.8796930000000001,0.002741,0
1417,0.46532399999999996,0.292827,1
1418,0.287494,0.916459,0
1419,0.526937,0.437669,1
1420,0.728141,0.868165,0
1421,0.40967700000000007,0.447798,1
1422,0.322914,0.207377,0
1423,0.446029,0.616788,1
1424,0.347576,0.7032649999999999,0
1425,0.44851599999999997,0.41016800000000003,1
1426,0.14335499999999998,0.37405,0
1427,0.522171,0.534255,1
1428,0.036767,0.9348350000000001,0
1429,0.410815,0.370672,1
1430,0.721779,0.9366610000000001,0
1431,0.32674000000000003,0.32568800000000003,1
1432,0.996174,0.6980649999999999,0
1433,0.407512,0.649795,1
1434,0.215991,0.15421500000000002,0
1435,0.378596,0.458574,1
1436,0.37014600000000003,0.04916,0
1437,0.40983500000000006,0.689203,1
1438,0.072254,0.365234,0
1439,0.653428,0.357666,1
1440,0.649666,0.9319700000000001,0
1441,0.559502,0.348556,1
1442,0.8303209999999999,0.199496,0
1443,0.436913,0.600684,1
1444,0.279169,0.994727,0
1445,0.42937600000000004,0.31961100000000003,1
1446,0.51794,0.017093999999999998,0
1447,0.719595,0.6379279999999999,1
1448,0.616363,0.21661100000000003,0
1449,0.336618,0.746135,1
1450,0.025612,0.465359,0
1451,0.649857,0.343996,1
1452,0.884608,0.608002,0
1453,0.641862,0.380853,1
1454,0.561179,0.734173,0
1455,0.259889,0.560686,1
1456,0.8437530000000001,0.95921,0
1457,0.70409,0.447561,1
1458,0.083966,0.223888,0
1459,0.409182,0.5169090000000001,1
1460,0.63157,0.7977810000000001,0
1461,0.781559,0.461704,1
1462,0.185977,0.718607,0
1463,0.48899899999999996,0.402277,1
1464,0.7534420000000001,0.092572,0
1465,0.6370399999999999,0.329719,1
1466,0.953472,0.997589,0
1467,0.635833,0.44506999999999997,1
1468,0.9561540000000001,0.07323400000000001,0
1469,0.706488,0.547975,1
1470,0.501634,0.96498,0
1471,0.687268,0.304899,1
1472,0.735591,0.083624,0
1473,0.731478,0.557638,1
1474,0.881793,0.302045,0
1475,0.648555,0.660331,1
1476,0.628596,0.8115899999999999,0
1477,0.722342,0.596295,1
1478,0.072573,0.741574,0
1479,0.405803,0.732921,1
1480,0.053193,0.010003,0
1481,0.270983,0.41793100000000005,1
1482,0.930444,0.973251,0
1483,0.566712,0.328857,1
1484,0.160458,0.820799,0
1485,0.606495,0.554425,1
1486,0.611284,0.847929,0
1487,0.26064,0.5822470000000001,1
1488,0.985698,0.625997,0
1489,0.6732630000000001,0.732794,1
1490,0.705902,0.092391,0
1491,0.341199,0.32466799999999996,1
1492,0.738276,0.198229,0
1493,0.44411000000000006,0.756757,1
1494,0.09799400000000001,0.981358,0
1495,0.44243999999999994,0.287315,1
1496,0.082781,0.306381,0
1497,0.524913,0.417333,1
1498,0.8728459999999999,0.922234,0
1499,0.7924140000000001,0.503749,1
1500,0.514125,0.897083,0
1501,0.360888,0.642213,1
1502,0.13200599999999998,0.62516,0
1503,0.243385,0.371078,1
1504,0.182311,0.094073,0
1505,0.576241,0.288144,1
1506,0.050757,0.07291900000000001,0
1507,0.527709,0.599812,1
1508,0.0867,0.169794,0
1509,0.638987,0.6534810000000001,1
1510,0.759758,0.251042,0
1511,0.352774,0.477283,1
1512,0.170235,0.131375,0
1513,0.515806,0.34597100000000003,1
1514,0.895933,0.945365,0
1515,0.6506770000000001,0.33023800000000003,1
1516,0.179,0.45854300000000003,0
1517,0.6346109999999999,0.30612,1
1518,0.752049,0.692386,0
1519,0.7551,0.37153,1
1520,0.848358,0.351186,0
1521,0.427353,0.528113,1
1522,0.001519,0.5338350000000001,0
1523,0.298274,0.699361,1
1524,0.9427549999999999,0.8899790000000001,0
1525,0.568704,0.209961,1
1526,0.02603,0.484392,0
1527,0.302666,0.709604,1
1528,0.858908,0.669337,0
1529,0.523438,0.224227,1
1530,0.758212,0.267409,0
1531,0.41064399999999995,0.488476,1
1532,0.6870970000000001,0.042727,0
1533,0.596485,0.327191,1
1534,0.830197,0.127496,0
1535,0.6962520000000001,0.713392,1
1536,0.963884,0.000637,0
1537,0.626255,0.272458,1
1538,0.661451,0.9987879999999999,0
1539,0.576941,0.644772,1
1540,0.792513,0.759358,0
1541,0.516722,0.7409359999999999,1
1542,0.510555,0.902257,0
1543,0.338589,0.26366999999999996,1
1544,0.28785700000000003,0.006321,0
1545,0.5860850000000001,0.734437,1
1546,0.480633,0.995217,0
1547,0.5722970000000001,0.600062,1
1548,0.199847,0.83445,0
1549,0.564878,0.69698,1
1550,0.739464,0.17962999999999998,0
1551,0.226008,0.519246,1
1552,0.61729,0.7975810000000001,0
1553,0.423058,0.336173,1
1554,0.42714300000000005,0.994245,0
1555,0.361937,0.277395,1
1556,0.953067,0.190691,0
1557,0.761598,0.385441,1
1558,0.9205059999999999,0.9363049999999999,0
1559,0.48274300000000003,0.269858,1
1560,0.83314,0.585071,0
1561,0.368077,0.262443,1
1562,0.133705,0.175145,0
1563,0.598104,0.5379689999999999,1
1564,0.088857,0.420308,0
1565,0.297654,0.470167,1
1566,0.829103,0.73844,0
1567,0.774205,0.46020500000000003,1
1568,0.771713,0.182131,0
1569,0.217119,0.513175,1
1570,0.928955,0.946933,0
1571,0.262814,0.5103479999999999,1
1572,0.357111,0.957465,0
1573,0.273206,0.576732,1
1574,0.893258,0.9949180000000001,0
1575,0.556941,0.510586,1
1576,0.033652999999999995,0.608388,0
1577,0.306251,0.355027,1
1578,0.249433,0.228136,0
1579,0.367913,0.521187,1
1580,0.976809,0.23423400000000003,0
1581,0.661547,0.618161,1
1582,0.164358,0.360013,0
1583,0.6383979999999999,0.3519,1
1584,0.9689059999999999,0.40229299999999996,0
1585,0.40301,0.5971609999999999,1
1586,0.143698,0.135893,0
1587,0.77342,0.46607299999999996,1
1588,0.1561,0.57204,0
1589,0.368419,0.620159,1
1590,0.351107,0.062479999999999994,0
1591,0.260998,0.591616,1
1592,0.8297450000000001,0.5178550000000001,0
1593,0.550024,0.653624,1
1594,0.771414,0.153564,0
1595,0.23979299999999998,0.601413,1
1596,0.09862,0.50561,0
1597,0.672936,0.635668,1
1598,0.7749739999999999,0.986923,0
1599,0.363554,0.446136,1
1600,0.387821,0.09927899999999999,0
1601,0.546559,0.6150359999999999,1
1602,0.8422379999999999,0.49255600000000005,0
1603,0.43759499999999996,0.46443100000000004,1
1604,0.16125599999999998,0.224137,0
1605,0.24407199999999998,0.517648,1
1606,0.844189,0.287634,0
1607,0.360392,0.707647,1
1608,0.027208999999999997,0.29485,0
1609,0.523795,0.225872,1
1610,0.7120890000000001,0.0752,0
1611,0.730796,0.49396899999999994,1
1612,0.552992,0.14459,0
1613,0.5917859999999999,0.5392560000000001,1
1614,0.112696,0.07459600000000001,0
1615,0.6441899999999999,0.49844099999999997,1
1616,0.8244959999999999,0.309844,0
1617,0.531311,0.539851,1
1618,0.797505,0.670543,0
1619,0.6884899999999999,0.44767700000000005,1
1620,0.847685,0.049361,0
1621,0.5631189999999999,0.5415399999999999,1
1622,0.10551300000000001,0.34930500000000003,0
1623,0.662954,0.267999,1
1624,0.7710670000000001,0.329203,0
1625,0.48702799999999996,0.284644,1
1626,0.012921,0.158276,0
1627,0.283488,0.578331,1
1628,0.66913,0.069243,0
1629,0.6310180000000001,0.516568,1
1630,0.385378,0.041042,0
1631,0.676503,0.578684,1
1632,0.136639,0.498325,0
1633,0.40979,0.534265,1
1634,0.318612,0.9158149999999999,0
1635,0.260495,0.542326,1
1636,0.125245,0.993917,0
1637,0.66161,0.486592,1
1638,0.9093110000000001,0.787672,0
1639,0.440399,0.785489,1
1640,0.774134,0.86298,0
1641,0.263993,0.527123,1
1642,0.266862,0.154792,0
1643,0.548773,0.632309,1
1644,0.8806510000000001,0.105519,0
1645,0.47421599999999997,0.354624,1
1646,0.5721970000000001,0.908058,0
1647,0.634983,0.55484,1
1648,0.5653,0.989676,0
1649,0.485897,0.477555,1
1650,0.769365,0.7198399999999999,0
1651,0.39739800000000003,0.474786,1
1652,0.202125,0.123099,0
1653,0.707479,0.400861,1
1654,0.100823,0.525088,0
1655,0.292263,0.462924,1
1656,0.929385,0.16553800000000002,0
1657,0.316614,0.531525,1
1658,0.813765,0.947385,0
1659,0.615004,0.775438,1
1660,0.979316,0.357804,0
1661,0.564759,0.50575,1
1662,0.361573,0.961976,0
1663,0.7598590000000001,0.55513,1
1664,0.786155,0.911761,0
1665,0.782279,0.5647939999999999,1
1666,0.49510299999999996,0.188693,0
1667,0.419407,0.777281,1
1668,0.610813,0.9307190000000001,0
1669,0.554655,0.480738,1
1670,0.953073,0.304001,0
1671,0.404057,0.777753,1
1672,0.8379719999999999,0.789553,0
1673,0.39013200000000003,0.756889,1
1674,0.390362,0.8203530000000001,0
1675,0.601233,0.315618,1
1676,0.856806,0.34011199999999997,0
1677,0.354852,0.592468,1
1678,0.83185,0.9013629999999999,0
1679,0.747679,0.43894399999999995,1
1680,0.217703,0.9377770000000001,0
1681,0.331856,0.5092899999999999,1
1682,0.239971,0.186201,0
1683,0.486779,0.28773899999999997,1
1684,0.20778899999999997,0.313812,0
1685,0.343683,0.68142,1
1686,0.384709,0.812542,0
1687,0.43878999999999996,0.751869,1
1688,0.777578,0.756629,0
1689,0.600611,0.675704,1
1690,0.248484,0.265575,0
1691,0.5102899999999999,0.6458189999999999,1
1692,0.13019,0.102782,0
1693,0.47556800000000005,0.26557,1
1694,0.728167,0.30143200000000003,0
1695,0.30433699999999997,0.596059,1
1696,0.284301,0.24263099999999999,0
1697,0.742081,0.558399,1
1698,0.34068200000000004,0.8434709999999999,0
1699,0.551003,0.301824,1
1700,0.9771280000000001,0.582329,0
1701,0.317605,0.382772,1
1702,0.736549,0.182238,0
1703,0.569946,0.6823199999999999,1
1704,0.948075,0.296011,0
1705,0.23774699999999999,0.421674,1
1706,0.45736000000000004,0.8444889999999999,0
1707,0.398728,0.614171,1
1708,0.193325,0.21703899999999998,0
1709,0.6651189999999999,0.659818,1
1710,0.267753,0.12330999999999999,0
1711,0.479868,0.541768,1
1712,0.627108,0.805918,0
1713,0.633134,0.679288,1
1714,0.211319,0.644351,0
1715,0.567353,0.29884099999999997,1
1716,0.695952,0.8570459999999999,0
1717,0.418771,0.287394,1
1718,0.045314,0.594112,0
1719,0.345543,0.7402880000000001,1
1720,0.261916,0.028724,0
1721,0.6627810000000001,0.361032,1
1722,0.777166,0.8320770000000001,0
1723,0.6294770000000001,0.416426,1
1724,0.559944,0.9838540000000001,0
1725,0.58215,0.5979180000000001,1
1726,0.356352,0.209179,0
1727,0.599492,0.458133,1
1728,0.73852,0.30233699999999997,0
1729,0.43090600000000007,0.235869,1
1730,0.763858,0.165181,0
1731,0.45601499999999995,0.43859499999999996,1
1732,0.7890159999999999,0.9993690000000001,0
1733,0.434828,0.753671,1
1734,0.252581,0.122128,0
1735,0.5647939999999999,0.487886,1
1736,0.163855,0.9128790000000001,0
1737,0.655867,0.550179,1
1738,0.084469,0.6659109999999999,0
1739,0.779744,0.564738,1
1740,0.914082,0.977035,0
1741,0.341389,0.528542,1
1742,0.01408,0.648713,0
1743,0.39105,0.573661,1
1744,0.8664729999999999,0.808361,0
1745,0.271872,0.351681,1
1746,0.845234,0.8438,0
1747,0.328214,0.49471000000000004,1
1748,0.319144,0.855524,0
1749,0.678212,0.516708,1
1750,0.5316850000000001,0.034688,0
1751,0.515886,0.502232,1
1752,0.034518,0.141337,0
1753,0.474909,0.589324,1
1754,0.628073,0.025731,0
1755,0.481083,0.5616140000000001,1
1756,0.398345,0.989358,0
1757,0.288127,0.557928,1
1758,0.145846,0.235702,0
1759,0.468379,0.637846,1
1760,0.792158,0.805354,0
1761,0.5462520000000001,0.251261,1
1762,0.9188930000000001,0.833189,0
1763,0.441483,0.40987799999999996,1
1764,0.035132,0.470783,0
1765,0.47057299999999996,0.319307,1
1766,0.9970889999999999,0.07761599999999999,0
1767,0.497316,0.38619699999999996,1
1768,0.702151,0.047488,0
1769,0.27977399999999997,0.565683,1
1770,0.378527,0.9046,0
1771,0.570588,0.6714060000000001,1
1772,0.8795270000000001,0.21234299999999998,0
1773,0.22512100000000002,0.6061479999999999,1
1774,0.884336,0.036432,0
1775,0.387334,0.519929,1
1776,0.751761,0.8527549999999999,0
1777,0.34725500000000004,0.706863,1
1778,0.07303,0.41075100000000003,0
1779,0.495246,0.399382,1
1780,0.032226,0.618876,0
1781,0.466558,0.641061,1
1782,0.843678,0.694077,0
1783,0.413574,0.533941,1
1784,0.25745300000000004,0.016222999999999998,0
1785,0.596079,0.698814,1
1786,0.602485,0.959885,0
1787,0.669741,0.342686,1
1788,0.8716360000000001,0.58946,0
1789,0.361064,0.602797,1
1790,0.024372,0.623855,0
1791,0.69106,0.44440799999999997,1
1792,0.277756,0.251284,0
1793,0.395935,0.48122299999999996,1
1794,0.29385,0.730324,0
1795,0.529656,0.321184,1
1796,0.577557,0.001957,0
1797,0.635159,0.51981,1
1798,0.412328,0.9939319999999999,0
1799,0.206298,0.45198900000000003,1
1800,0.024784,0.546263,0
1801,0.229292,0.504264,1
1802,0.9428190000000001,0.963303,0
1803,0.344087,0.272142,1
1804,0.8108989999999999,0.781075,0
1805,0.516057,0.366289,1
1806,0.036111000000000004,0.9170290000000001,0
1807,0.5072260000000001,0.746749,1
1808,0.921125,0.349352,0
1809,0.5304,0.22547199999999998,1
1810,0.22921100000000003,0.342302,0
1811,0.24224899999999996,0.48648900000000006,1
1812,0.0391,0.145399,0
1813,0.636335,0.47662,1
1814,0.584525,0.111293,0
1815,0.504554,0.244993,1
1816,0.088764,0.8625790000000001,0
1817,0.415814,0.390359,1
1818,0.068493,0.166207,0
1819,0.463533,0.796546,1
1820,0.019894,0.353342,0
1821,0.5725100000000001,0.579889,1
1822,0.324853,0.797639,0
1823,0.566667,0.777295,1
1824,0.9989459999999999,0.284246,0
1825,0.39550100000000005,0.382334,1
1826,0.478678,0.146928,0
1827,0.45424799999999993,0.740496,1
1828,0.184626,0.014341,0
1829,0.21808000000000002,0.47863900000000004,1
1830,0.13902,0.504471,0
1831,0.583853,0.40990200000000004,1
1832,0.401089,0.09978300000000001,0
1833,0.226902,0.549914,1
1834,0.811407,0.318979,0
1835,0.243748,0.47432700000000005,1
1836,0.041763999999999996,0.9284479999999999,0
1837,0.45302,0.51093,1
1838,0.736821,0.75618,0
1839,0.269374,0.36358,1
1840,0.137226,0.362125,0
1841,0.343185,0.714335,1
1842,0.380729,0.915375,0
1843,0.627903,0.358792,1
1844,0.014990999999999999,0.9537889999999999,0
1845,0.399319,0.360484,1
1846,0.634154,0.224848,0
1847,0.215042,0.415721,1
1848,0.709292,0.069494,0
1849,0.790702,0.5262100000000001,1
1850,0.672451,0.8885200000000001,0
1851,0.418296,0.695444,1
1852,0.20061500000000002,0.739319,0
1853,0.644508,0.452988,1
1854,0.6020220000000001,0.191031,0
1855,0.5995779999999999,0.715477,1
1856,0.9946360000000001,0.839146,0
1857,0.517026,0.448867,1
1858,0.186524,0.903133,0
1859,0.77428,0.5174310000000001,1
1860,0.778346,0.661858,0
1861,0.628591,0.523741,1
1862,0.832498,0.791944,0
1863,0.547384,0.677308,1
1864,0.180499,0.65031,0
1865,0.659622,0.660391,1
1866,0.3135,0.001165,0
1867,0.552618,0.44509099999999996,1
1868,0.251985,0.110277,0
1869,0.45119499999999996,0.436288,1
1870,0.8171930000000001,0.555489,0
1871,0.266524,0.473558,1
1872,0.81788,0.109276,0
1873,0.558668,0.729129,1
1874,0.140163,0.711148,0
1875,0.357536,0.715895,1
1876,0.07322000000000001,0.6083,0
1877,0.6214029999999999,0.31900700000000004,1
1878,0.529842,0.048996,0
1879,0.485708,0.302259,1
1880,0.961559,0.9194979999999999,0
1881,0.557623,0.566395,1
1882,0.5726720000000001,0.8915879999999999,0
1883,0.602629,0.385297,1
1884,0.475743,0.8195530000000001,0
1885,0.34001,0.741529,1
1886,0.1184,0.9555950000000001,0
1887,0.609246,0.5936680000000001,1
1888,0.305043,0.857958,0
1889,0.6224689999999999,0.232106,1
1890,0.342289,0.8450790000000001,0
1891,0.344891,0.590398,1
1892,0.18814,0.075935,0
1893,0.343019,0.323284,1
1894,0.29291,0.9345190000000001,0
1895,0.47742299999999993,0.255377,1
1896,0.189299,0.542033,0
1897,0.586703,0.309827,1
1898,0.421263,0.166759,0
1899,0.6311479999999999,0.300421,1
1900,0.9535530000000001,0.367501,0
1901,0.555008,0.422465,1
1902,0.44232,0.069299,0
1903,0.628121,0.426458,1
1904,0.24239899999999998,0.003331,0
1905,0.408368,0.633266,1
1906,0.024468,0.236346,0
1907,0.358032,0.64531,1
1908,0.881064,0.039573000000000004,0
1909,0.26666999999999996,0.524087,1
1910,0.207236,0.013479,0
1911,0.527045,0.23781599999999997,1
1912,0.297491,0.923007,0
1913,0.459193,0.452475,1
1914,0.910343,0.141753,0
1915,0.470339,0.5832649999999999,1
1916,0.8915299999999999,0.940947,0
1917,0.49777899999999997,0.367498,1
1918,0.8932110000000001,0.20313299999999998,0
1919,0.229048,0.609681,1
1920,0.858457,0.079746,0
1921,0.377098,0.68096,1
1922,0.611647,0.945226,0
1923,0.448693,0.377021,1
1924,0.6540060000000001,0.8751549999999999,0
1925,0.64277,0.633318,1
1926,0.9514440000000001,0.918963,0
1927,0.526947,0.400303,1
1928,0.834623,0.501867,0
1929,0.7238979999999999,0.35428000000000004,1
1930,0.641409,0.16335999999999998,0
1931,0.552261,0.448301,1
1932,0.330221,0.028977,0
1933,0.7929470000000001,0.463405,1
1934,0.471757,0.822608,0
1935,0.5439649999999999,0.221099,1
1936,0.025281,0.9032450000000001,0
1937,0.701554,0.415362,1
1938,0.19784200000000002,0.124634,0
1939,0.525512,0.282935,1
1940,0.146205,0.259893,0
1941,0.534922,0.638604,1
1942,0.031577999999999995,0.737875,0
1943,0.474445,0.593392,1
1944,0.641591,0.223188,0
1945,0.306582,0.515965,1
1946,0.261614,0.9452309999999999,0
1947,0.503371,0.752624,1
1948,0.922377,0.39729200000000003,0
1949,0.367797,0.369777,1
1950,0.043102,0.418076,0
1951,0.557068,0.235713,1
1952,0.380442,0.086185,0
1953,0.5029020000000001,0.680624,1
1954,0.078939,0.724849,0
1955,0.522145,0.686264,1
1956,0.062341999999999995,0.777818,0
1957,0.67697,0.631671,1
1958,0.827433,0.671405,0
1959,0.379784,0.22924699999999998,1
1960,0.247507,0.856582,0
1961,0.54556,0.627178,1
1962,0.9627450000000001,0.862574,0
1963,0.36542199999999997,0.654416,1
1964,0.9421719999999999,0.082874,0
1965,0.713329,0.319986,1
1966,0.013946,0.382909,0
1967,0.5324180000000001,0.54889,1
1968,0.9773729999999999,0.7126319999999999,0
1969,0.6046819999999999,0.6977869999999999,1
1970,0.839623,0.540848,0
1971,0.36592600000000003,0.72001,1
1972,0.34587199999999996,0.068489,0
1973,0.26169699999999996,0.34772800000000004,1
1974,0.102344,0.08770800000000001,0
1975,0.26812800000000003,0.43211000000000005,1
1976,0.033325,0.091072,0
1977,0.58416,0.77145,1
1978,0.2762,0.09894700000000001,0
1979,0.430584,0.222437,1
1980,0.5024689999999999,0.9932540000000001,0
1981,0.568445,0.649407,1
1982,0.641347,0.11538499999999999,0
1983,0.369593,0.5566260000000001,1
1984,0.7016060000000001,0.8975860000000001,0
1985,0.635831,0.416017,1
1986,0.005494,0.334135,0
1987,0.68324,0.416195,1
1988,0.99266,0.632722,0
1989,0.29746500000000003,0.289574,1
1990,0.12828699999999998,0.119189,0
1991,0.329032,0.438417,1
1992,0.709884,0.014469,0
1993,0.712242,0.6499199999999999,1
1994,0.020852000000000002,0.46660799999999997,0
1995,0.365123,0.41690699999999997,1
1996,0.9384120000000001,0.895014,0
1997,0.503255,0.6123810000000001,1
1998,0.924903,0.851972,0
1999,0.252531,0.493986,1
